student,student_id,hand,sample,quality,timestamp_ms,ax,ay,az,gx,gy,gz
Akram,1-2-2026,right,جامعة,good,1767343785885,11084,11368,6664,-269,648,-512
Akram,1-2-2026,right,جامعة,good,1767343785938,10848,10984,6572,94,168,-451
Akram,1-2-2026,right,جامعة,good,1767343785983,10888,11028,6404,-302,1332,-489
Akram,1-2-2026,right,جامعة,good,1767343786037,11232,10260,6720,-451,1980,-845
Akram,1-2-2026,right,جامعة,good,1767343786085,10952,10904,6668,559,2083,-898
Akram,1-2-2026,right,جامعة,good,1767343786141,10584,11460,6760,634,1052,-762
Akram,1-2-2026,right,جامعة,good,1767343786185,10724,10872,7188,439,-130,-245
Akram,1-2-2026,right,جامعة,good,1767343786232,10892,11408,6628,282,-1784,525
Akram,1-2-2026,right,جامعة,good,1767343786300,12684,11384,7120,2147,-3097,4204
Akram,1-2-2026,right,جامعة,good,1767343786358,11748,10300,6716,-3031,-4011,4805
Akram,1-2-2026,right,جامعة,good,1767343786387,10812,8980,4848,1074,-521,375
Akram,1-2-2026,right,جامعة,good,1767343786440,10276,10800,6268,1519,1040,-1233
Akram,1-2-2026,right,جامعة,good,1767343786482,10660,10996,8832,986,-480,-470
Akram,1-2-2026,right,جامعة,good,1767343786541,10412,10976,6276,341,432,-199
Akram,1-2-2026,right,جامعة,good,1767343786592,11120,11256,6548,-134,1096,-264
Akram,1-2-2026,right,جامعة,good,1767343786632,11764,9588,5640,951,724,-1224
Akram,1-2-2026,right,جامعة,good,1767343786682,9932,12704,6152,1208,2401,-2085
Akram,1-2-2026,right,جامعة,good,1767343786733,10744,10824,5884,845,631,-487
Akram,1-2-2026,right,جامعة,good,1767343786791,11512,10388,7624,-62,-55,236
Akram,1-2-2026,right,جامعة,good,1767343786833,10656,11308,7464,803,422,125
Akram,1-2-2026,right,جامعة,good,1767343786887,10896,10940,5792,1998,-973,550
Akram,1-2-2026,right,جامعة,good,1767343786932,10168,10968,8740,261,-1259,563
Akram,1-2-2026,right,جامعة,good,1767343786982,12616,9572,6744,-1846,-3005,1753
Akram,1-2-2026,right,جامعة,good,1767343787034,10700,10832,6724,-1011,717,243
Akram,1-2-2026,right,جامعة,good,1767343787082,10564,11204,6216,569,-318,588
Akram,1-2-2026,right,جامعة,good,1767343787133,10716,10288,6596,980,-97,-483
Akram,1-2-2026,right,جامعة,good,1767343787184,10928,11576,6760,892,2559,-1594
Akram,1-2-2026,right,جامعة,good,1767343787233,11520,10848,6792,790,728,22
Akram,1-2-2026,right,جامعة,good,1767343787289,10892,11176,5316,728,967,-98
Akram,1-2-2026,right,جامعة,good,1767343787349,11432,11184,6292,527,-122,48
Akram,1-2-2026,right,جامعة,good,1767343787396,10176,11728,7732,-377,766,963
Akram,1-2-2026,right,جامعة,good,1767343787437,10712,11484,6424,-46,1393,574
Akram,1-2-2026,right,جامعة,good,1767343787485,9876,11976,6752,344,48,69
Akram,1-2-2026,right,جامعة,good,1767343787538,10772,11164,6160,442,-1686,-25
Akram,1-2-2026,right,جامعة,good,1767343787589,10064,11524,8588,-1820,-2384,-776
Akram,1-2-2026,right,جامعة,good,1767343787636,12280,10868,4124,174,-829,-175
Akram,1-2-2026,right,جامعة,good,1767343787703,10608,11188,5796,-660,2396,128
Akram,1-2-2026,right,جامعة,good,1767343787735,11352,10704,6752,664,1170,-169
Akram,1-2-2026,right,جامعة,good,1767343787782,11800,10804,3032,1611,3143,29
Akram,1-2-2026,right,جامعة,good,1767343787836,9948,11864,12600,980,1597,-215
Akram,1-2-2026,right,جامعة,good,1767343787882,9396,11472,9980,1225,920,479
Akram,1-2-2026,right,جامعة,good,1767343787932,10308,11916,6700,462,-1388,156
Akram,1-2-2026,right,جامعة,good,1767343787981,11460,12456,8788,-2639,-3085,1307
Akram,1-2-2026,right,جامعة,good,1767343788032,9700,8452,2564,-4105,338,1571
Akram,1-2-2026,right,جامعة,good,1767343788083,9652,10524,7932,93,-336,916
Akram,1-2-2026,right,جامعة,good,1767343788132,10084,11892,6748,1485,87,-100
Akram,1-2-2026,right,جامعة,good,1767343788182,10984,12656,6152,-242,-126,-45
Akram,1-2-2026,right,جامعة,good,1767343788232,10896,11696,5744,-1361,-482,3601
Akram,1-2-2026,right,جامعة,good,1767343788282,10304,7204,4460,3640,2516,-1584
Akram,1-2-2026,right,جامعة,good,1767343788332,11480,12004,6512,2042,2047,-2710
Akram,1-2-2026,right,جامعة,good,1767343788382,10572,10908,6340,36,863,-365
Akram,1-2-2026,right,جامعة,good,1767343788432,11296,11220,5836,-95,-470,488
Akram,1-2-2026,right,جامعة,good,1767343788482,11356,11068,5028,-1590,1791,969
Akram,1-2-2026,right,جامعة,good,1767343788524,10940,12168,5828,2921,1656,295
Akram,1-2-2026,right,جامعة,good,1767343788582,10200,11432,7996,1305,354,12
Akram,1-2-2026,right,جامعة,good,1767343788633,11044,11348,6168,1225,-1529,-497
Akram,1-2-2026,right,جامعة,good,1767343788683,10528,11336,5528,-2097,-3033,-999
Akram,1-2-2026,right,جامعة,good,1767343788735,11072,12384,7712,-1058,-715,-326
Akram,1-2-2026,right,جامعة,good,1767343788782,11496,11092,5872,-1960,-229,3775
Akram,1-2-2026,right,جامعة,good,1767343788832,10336,8728,4180,517,1023,744
Akram,1-2-2026,right,جامعة,good,1767343788882,10952,10864,5640,2124,1912,-725
Akram,1-2-2026,right,جامعة,good,1767343788931,9752,9416,5688,3297,1488,-4290
Akram,1-2-2026,right,جامعة,good,1767343788982,9576,11460,6976,-177,-1455,96
Akram,1-2-2026,right,جامعة,good,1767343789032,11888,10608,5040,-1562,-137,-603
Akram,1-2-2026,right,جامعة,good,1767343789082,10996,10840,5920,-634,-752,-725
Akram,1-2-2026,right,جامعة,good,1767343789132,11144,11488,5952,-909,60,-292
Akram,1-2-2026,right,جامعة,good,1767343789182,10692,11616,5256,2050,1099,595
Akram,1-2-2026,right,جامعة,good,1767343789232,10816,10356,6204,472,1405,2287
Akram,1-2-2026,right,جامعة,good,1767343789283,11428,10188,5052,1577,1935,1293
Akram,1-2-2026,right,جامعة,good,1767343789331,10224,10684,7072,1472,1994,-7
Akram,1-2-2026,right,جامعة,good,1767343789382,11048,11336,6492,897,-130,-242
Akram,1-2-2026,right,جامعة,good,1767343789432,10972,10856,5596,282,500,-267
Akram,1-2-2026,right,جامعة,good,1767343789483,12672,12920,7920,-484,976,744
Akram,1-2-2026,right,جامعة,good,1767343789531,10444,11568,6100,74,412,189
Akram,1-2-2026,right,جامعة,good,1767343789582,10472,11832,6272,-4,1659,-280
Akram,1-2-2026,right,جامعة,good,1767343789633,10740,12788,4896,1555,1686,-1889
Akram,1-2-2026,right,جامعة,good,1767343789682,11012,11844,5600,1245,2222,-1223
Akram,1-2-2026,right,جامعة,good,1767343789733,10776,11656,5980,958,855,-748
Akram,1-2-2026,right,جامعة,good,1767343789783,11844,10956,5980,676,-749,1158
Akram,1-2-2026,right,جامعة,good,1767343789832,10388,10004,5340,-2463,-1433,4475
Akram,1-2-2026,right,جامعة,good,1767343789882,9920,10212,6060,1008,1724,-1844
Akram,1-2-2026,right,جامعة,good,1767343789932,9488,12864,6484,-1491,1511,-438
Akram,1-2-2026,right,جامعة,good,1767343789982,10636,11480,6128,1005,-215,638
Akram,1-2-2026,right,جامعة,good,1767343790032,9564,13192,6668,816,851,-1461
Akram,1-2-2026,right,جامعة,good,1767343790075,10720,11112,7844,633,1296,-1005
Akram,1-2-2026,right,جامعة,good,1767343790132,10860,11404,5280,349,2864,-413
Akram,1-2-2026,right,جامعة,good,1767343790174,10700,10680,6556,1147,1281,449
Akram,1-2-2026,right,جامعة,good,1767343790232,10820,10232,5292,1177,850,1255
Akram,1-2-2026,right,جامعة,good,1767343790274,9788,11584,5884,221,-216,796
Akram,1-2-2026,right,جامعة,good,1767343790332,8700,12636,7060,-612,2,408
Akram,1-2-2026,right,جامعة,good,1767343790374,10096,11692,6860,-58,-1337,-198
Akram,1-2-2026,right,جامعة,good,1767343790424,11348,10124,4872,-1294,-2055,95
Akram,1-2-2026,right,جامعة,good,1767343790474,11276,11396,5456,-925,3146,-536
Akram,1-2-2026,right,جامعة,good,1767343790524,10304,11360,5652,2776,1229,16
Akram,1-2-2026,right,جامعة,good,1767343790575,10900,10820,6672,238,3505,-243
Akram,1-2-2026,right,جامعة,good,1767343790624,9776,11400,8464,993,1800,655
Akram,1-2-2026,right,جامعة,good,1767343790682,10752,11420,6108,850,-154,1361
Akram,1-2-2026,right,جامعة,good,1767343790724,9172,11872,7228,-1006,-199,191
Akram,1-2-2026,right,جامعة,good,1767343790775,10592,11432,6132,339,-105,259
Akram,1-2-2026,right,جامعة,good,1767343790825,9636,12416,6668,384,970,-711
Akram,1-2-2026,right,جامعة,good,1767343790884,10224,10032,6944,1314,12,-683
Akram,1-2-2026,right,جامعة,good,1767343790924,10984,11436,7192,821,3192,-831
Akram,1-2-2026,right,جامعة,good,1767343790974,10712,11096,7500,2514,872,30
Akram,1-2-2026,right,جامعة,good,1767343791033,11948,10660,2988,1747,1018,952
Akram,1-2-2026,right,جامعة,good,1767343791082,9248,12252,7436,117,-203,293
Akram,1-2-2026,right,جامعة,good,1767343791132,11360,13044,7768,-5774,-2148,4862
Akram,1-2-2026,right,جامعة,good,1767343791182,9568,10440,5644,-868,364,-283
Akram,1-2-2026,right,جامعة,good,1767343791232,10920,10976,5728,434,-287,314
Akram,1-2-2026,right,جامعة,good,1767343791282,9852,10256,5916,642,382,-1500
Akram,1-2-2026,right,جامعة,good,1767343791332,9084,15220,6852,-3452,2068,331
Akram,1-2-2026,right,جامعة,good,1767343791382,9344,12188,6784,666,125,30
Akram,1-2-2026,right,جامعة,good,1767343791432,11432,11108,6068,36,2186,-798
Akram,1-2-2026,right,جامعة,good,1767343791482,10252,11300,6560,592,2217,118
Akram,1-2-2026,right,جامعة,good,1767343791533,11876,11280,3304,3729,-397,1264
Akram,1-2-2026,right,جامعة,good,1767343791582,9288,12588,8560,1289,-1365,161
Akram,1-2-2026,right,جامعة,good,1767343791633,12068,14756,8144,-3029,-1479,3054
Akram,1-2-2026,right,جامعة,good,1767343791682,9268,7596,3844,1219,1319,-781
Akram,1-2-2026,right,جامعة,good,1767343791732,12084,14628,14708,-2280,3420,-10
Akram,1-2-2026,right,جامعة,good,1767343791782,8908,12076,6820,1859,734,174
Akram,1-2-2026,right,جامعة,good,1767343791833,10196,12528,6152,128,1269,-515
Akram,1-2-2026,right,جامعة,good,1767343791882,11592,11980,6332,987,-1280,1768
Akram,1-2-2026,right,جامعة,good,1767343791933,9948,10124,5696,-2930,-3480,4092
Akram,1-2-2026,right,جامعة,good,1767343791983,8872,10024,6148,1858,2060,-3310
Akram,1-2-2026,right,جامعة,good,1767343792031,9436,12904,7620,-1115,2433,-772
Akram,1-2-2026,right,جامعة,good,1767343792082,9812,12668,6780,901,505,-85
Akram,1-2-2026,right,جامعة,good,1767343792132,12120,9784,7232,278,632,105
Akram,1-2-2026,right,جامعة,good,1767343792182,10760,11352,4420,2290,-480,1101
Akram,1-2-2026,right,جامعة,good,1767343792233,12184,10336,5504,3561,682,2152
Akram,1-2-2026,right,جامعة,good,1767343792281,8060,12292,10100,428,-354,-551
Akram,1-2-2026,right,جامعة,good,1767343792332,10284,12828,6748,-2277,-1461,2645
Akram,1-2-2026,right,جامعة,good,1767343792382,10464,8408,4168,1279,388,133
Akram,1-2-2026,right,جامعة,good,1767343792432,9908,11888,6700,1670,2906,-3265
Akram,1-2-2026,right,جامعة,good,1767343792482,9564,11520,6848,-33,1121,-515
Akram,1-2-2026,right,جامعة,good,1767343792532,10436,12676,7856,-1507,-1695,-1232
Akram,1-2-2026,right,جامعة,good,1767343792582,10732,11940,5864,-891,782,-564
Akram,1-2-2026,right,جامعة,good,1767343792632,10672,11304,6352,-126,-1279,192
Akram,1-2-2026,right,جامعة,good,1767343792682,9752,11112,4264,-781,-632,2891
Akram,1-2-2026,right,جامعة,good,1767343792734,9604,10944,6896,2437,1534,0
Akram,1-2-2026,right,جامعة,good,1767343792783,10544,10488,5208,1549,425,-1025
Akram,1-2-2026,right,جامعة,good,1767343792832,9984,11948,6316,843,391,237
Akram,1-2-2026,right,جامعة,good,1767343792882,11324,11316,6244,-1650,-988,717
Akram,1-2-2026,right,جامعة,good,1767343792933,10580,11272,5028,-1043,-110,1752
Akram,1-2-2026,right,جامعة,good,1767343792982,8296,11940,7788,1368,1983,688
Akram,1-2-2026,right,جامعة,good,1767343793032,9464,11296,8012,2109,-2191,-318
Akram,1-2-2026,right,جامعة,good,1767343793082,12920,10308,2276,828,-2307,-1067
Akram,1-2-2026,right,جامعة,good,1767343793132,10808,11420,6060,-3377,1893,-1777
Akram,1-2-2026,right,جامعة,good,1767343793182,12476,12244,7064,-5132,-1987,5900
Akram,1-2-2026,right,جامعة,good,1767343793232,8996,7504,3652,1690,479,1063
Akram,1-2-2026,right,جامعة,good,1767343793282,9896,10996,6296,2298,2706,-5323
Akram,1-2-2026,right,جامعة,good,1767343793332,9512,11700,6956,897,-1107,-332
Akram,1-2-2026,right,جامعة,good,1767343793382,10292,11764,5404,-663,457,-98
Akram,1-2-2026,right,جامعة,good,1767343793432,11480,10544,6176,-4,-850,-602
Akram,1-2-2026,right,جامعة,good,1767343793482,10612,11472,7064,-2562,1352,-456
Akram,1-2-2026,right,جامعة,good,1767343793532,10600,12872,5368,692,522,165
Akram,1-2-2026,right,جامعة,good,1767343793583,12164,10500,6524,242,779,2428
Akram,1-2-2026,right,جامعة,good,1767343793632,11164,9992,4996,897,402,1450
Akram,1-2-2026,right,جامعة,good,1767343793682,9212,11452,8028,1727,851,-943
Akram,1-2-2026,right,جامعة,good,1767343793731,9392,12084,7516,643,322,-552
Akram,1-2-2026,right,جامعة,good,1767343793783,11028,10792,5800,347,-5,-508
Akram,1-2-2026,right,جامعة,good,1767343793832,10528,11140,6292,574,797,-850
Akram,1-2-2026,right,جامعة,good,1767343793882,10528,11520,6856,436,266,-585
Akram,1-2-2026,right,جامعة,good,1767343793931,10192,11008,6304,305,52,-1083
Akram,1-2-2026,right,جامعة,good,1767343793983,10524,11480,6236,-710,1242,-309
Akram,1-2-2026,right,جامعة,good,1767343794035,10256,11680,6416,-446,1062,148
Akram,1-2-2026,right,جامعة,good,1767343794082,9720,12008,7820,894,1093,283
Akram,1-2-2026,right,جامعة,good,1767343794132,9808,11816,6596,1517,860,133
Akram,1-2-2026,right,جامعة,good,1767343794183,9532,11956,5772,369,-2203,-1408
Akram,1-2-2026,right,جامعة,good,1767343794232,10884,11512,6124,-33,1071,-1013
Akram,1-2-2026,right,جامعة,good,1767343794282,10508,11700,4964,909,1355,166
Akram,1-2-2026,right,جامعة,good,1767343794332,10316,10848,6328,1238,814,743
Akram,1-2-2026,right,جامعة,good,1767343794382,12424,10772,5972,971,-1154,651
Akram,1-2-2026,right,جامعة,good,1767343794432,9100,12720,8076,-521,-2229,761
Akram,1-2-2026,right,جامعة,good,1767343794482,10016,11996,6304,208,609,111
Akram,1-2-2026,right,جامعة,good,1767343794531,10264,11600,6116,-65,563,104
Akram,1-2-2026,right,جامعة,good,1767343794582,10456,11504,6340,6,454,40
Akram,1-2-2026,right,جامعة,good,1767343794633,10312,11460,6272,209,456,60
Akram,1-2-2026,right,جامعة,good,1767343794682,10620,11560,6300,133,342,-74
Akram,1-2-2026,right,جامعة,good,1767343794724,9760,12308,5880,811,2389,-290
Akram,1-2-2026,right,جامعة,good,1767343794775,11004,10864,6692,406,938,115
Akram,1-2-2026,right,جامعة,good,1767343794825,10736,11504,4456,1337,833,744
Akram,1-2-2026,right,جامعة,good,1767343794874,9800,11152,8408,316,507,462
Akram,1-2-2026,right,جامعة,good,1767343794925,8328,11740,8064,-167,-2460,107
Akram,1-2-2026,right,جامعة,good,1767343794978,10364,12188,5884,-194,104,-15
Akram,1-2-2026,right,جامعة,good,1767343795024,10168,11516,6188,-424,314,221
Akram,1-2-2026,right,جامعة,good,1767343795083,10732,11468,6372,175,65,-28
Akram,1-2-2026,right,جامعة,good,1767343795124,10284,11560,6148,36,-248,68
Akram,1-2-2026,right,جامعة,good,1767343795174,10544,11992,6312,142,358,85
Akram,1-2-2026,right,جامعة,good,1767343795224,9716,12820,8228,-1380,-1019,687
Akram,1-2-2026,right,جامعة,good,1767343795282,10756,8108,4392,-3575,387,1743
Akram,1-2-2026,right,جامعة,good,1767343795324,9316,10400,5204,2041,3693,-5928
Akram,1-2-2026,right,جامعة,good,1767343795383,9412,11900,8628,114,131,-686
Akram,1-2-2026,right,جامعة,good,1767343795424,10524,12104,5096,1137,1290,239
Akram,1-2-2026,right,جامعة,good,1767343795475,11464,11580,7276,-1341,-346,3605
Akram,1-2-2026,right,جامعة,good,1767343795524,9276,9552,5896,2035,764,-135
Akram,1-2-2026,right,جامعة,good,1767343795575,10804,11064,6668,1394,606,-1082
Akram,1-2-2026,right,جامعة,good,1767343795634,9996,11464,6848,-1513,67,-657
Akram,1-2-2026,right,جامعة,good,1767343795675,10500,12288,6144,101,696,10
Akram,1-2-2026,right,جامعة,good,1767343795732,9704,11800,6712,-527,2244,-97
Akram,1-2-2026,right,جامعة,good,1767343795781,11012,11196,5924,1297,816,-270
Akram,1-2-2026,right,جامعة,good,1767343795832,8128,12036,8736,730,938,143
Akram,1-2-2026,right,جامعة,good,1767343795882,12052,11392,8016,2342,-33,2161
Akram,1-2-2026,right,جامعة,good,1767343795933,9668,12720,6844,807,5,141
Akram,1-2-2026,right,جامعة,good,1767343795982,10064,13068,7304,372,-1086,-515
Akram,1-2-2026,right,جامعة,good,1767343796032,10820,10908,5048,-523,232,1917
Akram,1-2-2026,right,جامعة,good,1767343796081,9596,9116,4884,2133,2793,-2620
Akram,1-2-2026,right,جامعة,good,1767343796132,10184,11660,6812,-371,2409,-855
Akram,1-2-2026,right,جامعة,good,1767343796182,10340,13000,9108,-1578,539,-2171
Akram,1-2-2026,right,جامعة,good,1767343796232,10320,11668,6176,-594,74,209
Akram,1-2-2026,right,جامعة,good,1767343796282,12516,11496,7368,951,-3173,3227
Akram,1-2-2026,right,جامعة,good,1767343796332,9080,9504,5144,2471,1066,808
Akram,1-2-2026,right,جامعة,good,1767343796382,10736,12492,6976,-1305,1174,-552
Akram,1-2-2026,right,جامعة,good,1767343796434,10440,11496,6608,-602,234,800
Akram,1-2-2026,right,جامعة,good,1767343796482,10468,11400,6244,-898,-2129,1338
Akram,1-2-2026,right,جامعة,good,1767343796532,10544,11460,5996,1471,1707,945
Akram,1-2-2026,right,جامعة,good,1767343796582,10060,11236,6224,1442,1233,-217
Akram,1-2-2026,right,جامعة,good,1767343796633,10100,12388,8468,222,-406,-2132
Akram,1-2-2026,right,جامعة,good,1767343796682,11684,11096,6732,-2440,451,-1285
Akram,1-2-2026,right,جامعة,good,1767343796733,12652,12228,7276,-3425,-1498,4593
Akram,1-2-2026,right,جامعة,good,1767343796781,8388,8116,2644,456,-1754,1748
Akram,1-2-2026,right,جامعة,good,1767343796832,10012,10684,5844,2959,2500,-5416
Akram,1-2-2026,right,جامعة,good,1767343796882,10072,11696,7052,655,-165,-302
Akram,1-2-2026,right,جامعة,good,1767343796932,10776,11600,6836,-606,1034,-485
Akram,1-2-2026,right,جامعة,good,1767343796982,10824,11068,6800,-610,562,-827
Akram,1-2-2026,right,جامعة,good,1767343797035,10708,11480,7160,-1056,981,-507
Akram,1-2-2026,right,جامعة,good,1767343797081,10588,11932,6392,-671,1324,10
Akram,1-2-2026,right,جامعة,good,1767343797133,12044,9952,5652,-438,99,2587
Akram,1-2-2026,right,جامعة,good,1767343797182,10232,8964,5372,2115,1875,1190
Akram,1-2-2026,right,جامعة,good,1767343797233,8052,12340,9292,634,812,-1659
Akram,1-2-2026,right,جامعة,good,1767343797283,10304,11828,7108,328,-548,-45
Akram,1-2-2026,right,جامعة,good,1767343797332,11636,10544,6032,-47,611,-657
Akram,1-2-2026,right,جامعة,good,1767343797382,9676,10336,6252,260,1228,-3083
Akram,1-2-2026,right,جامعة,good,1767343797434,10192,11712,7072,-988,2002,-1597
Akram,1-2-2026,right,جامعة,good,1767343797481,9816,11900,7340,-538,1274,-67
Akram,1-2-2026,right,جامعة,good,1767343797532,10360,11460,7312,349,1309,-320
Akram,1-2-2026,right,جامعة,good,1767343797582,9456,12032,6664,777,991,-391
Akram,1-2-2026,right,جامعة,good,1767343797635,10200,11160,7044,503,813,240
Akram,1-2-2026,right,جامعة,good,1767343797683,12276,11736,5480,2267,1265,1890
Akram,1-2-2026,right,جامعة,good,1767343797732,9492,12268,10244,1127,-1866,1048
Akram,1-2-2026,right,جامعة,good,1767343797782,9140,12740,8512,-337,-1388,55
Akram,1-2-2026,right,جامعة,good,1767343797832,10080,9912,5656,-856,376,1711
Akram,1-2-2026,right,جامعة,good,1767343797882,10020,8560,5200,2824,3111,-3129
Akram,1-2-2026,right,جامعة,good,1767343797932,10124,12172,7764,128,3956,-1251
Akram,1-2-2026,right,جامعة,good,1767343797982,9944,11892,7528,1327,1258,-51
Akram,1-2-2026,right,جامعة,good,1767343798033,10612,12160,7128,-303,-765,857
Akram,1-2-2026,right,جامعة,good,1767343798082,9984,10548,6636,-706,-1587,2540
Akram,1-2-2026,right,جامعة,good,1767343798125,9736,9508,5816,917,-102,-756
Akram,1-2-2026,right,جامعة,good,1767343798174,9700,12048,7276,-1856,1577,-1278
Akram,1-2-2026,right,جامعة,good,1767343798224,10348,11800,5816,-1854,1751,-378
Akram,1-2-2026,right,جامعة,good,1767343798275,8076,13432,9112,-3751,-1908,164
Akram,1-2-2026,right,جامعة,good,1767343798325,9716,12744,6968,-35,-237,373
Akram,1-2-2026,right,جامعة,good,1767343798374,11784,10220,6976,1517,-554,813
Akram,1-2-2026,right,جامعة,good,1767343798425,9348,9812,6184,913,-508,1318
Akram,1-2-2026,right,جامعة,good,1767343798475,8844,10512,7860,338,1158,-990
Akram,1-2-2026,right,جامعة,good,1767343798525,9660,11284,7580,79,-463,-2262
Akram,1-2-2026,right,جامعة,good,1767343798575,10200,11432,6976,-1610,2282,-966
Akram,1-2-2026,right,جامعة,good,1767343798632,9028,12000,7940,-491,1387,-157
Akram,1-2-2026,right,جامعة,good,1767343798675,9928,13452,6944,2323,2746,-1213
Akram,1-2-2026,right,جامعة,good,1767343798724,10632,11208,6812,2610,3302,-881
Akram,1-2-2026,right,جامعة,good,1767343798774,9888,11644,7084,363,253,17
Akram,1-2-2026,right,جامعة,good,1767343798832,9832,11344,8712,99,-2222,628
Akram,1-2-2026,right,جامعة,good,1767343798875,10052,10720,8204,-2109,-1531,691
Akram,1-2-2026,right,جامعة,good,1767343798925,9520,12072,6992,-75,1225,131
Akram,1-2-2026,right,جامعة,good,1767343798974,10136,11524,6948,347,635,125
Akram,1-2-2026,right,جامعة,good,1767343799025,11004,10772,4836,2180,705,1022
Akram,1-2-2026,right,جامعة,good,1767343799074,7632,13316,9860,998,633,365
Akram,1-2-2026,right,جامعة,good,1767343799124,9700,12052,8088,24,-1907,-251
Akram,1-2-2026,right,جامعة,good,1767343799181,10320,11496,7188,-3890,-1272,2924
Akram,1-2-2026,right,جامعة,good,1767343799224,8592,9240,5040,1451,789,-2509
Akram,1-2-2026,right,جامعة,good,1767343799274,10500,12352,8108,-1233,1279,-512
Akram,1-2-2026,right,جامعة,good,1767343799325,9280,12364,7920,-226,968,-199
Akram,1-2-2026,right,جامعة,good,1767343799384,9916,11240,7436,-1239,-89,-1152
Akram,1-2-2026,right,جامعة,good,1767343799431,10468,10860,8236,-2083,673,-533
Akram,1-2-2026,right,جامعة,good,1767343799482,10168,12484,5324,1928,-19,1117
Akram,1-2-2026,right,جامعة,good,1767343799533,10472,11592,7076,-243,-297,3433
Akram,1-2-2026,right,جامعة,good,1767343799582,8744,8572,5744,3601,1955,610
Akram,1-2-2026,right,جامعة,good,1767343799632,9760,10884,8128,3191,-760,-2241
Akram,1-2-2026,right,جامعة,good,1767343799682,9712,11784,7344,201,631,-613
Akram,1-2-2026,right,جامعة,good,1767343799732,10332,11416,7248,-512,642,142
Akram,1-2-2026,right,جامعة,good,1767343799782,10644,10904,7464,168,474,931
Akram,1-2-2026,right,جامعة,good,1767343799832,10008,11060,7012,-850,-1916,1282
Akram,1-2-2026,right,جامعة,good,1767343799882,8452,12496,9260,-1144,-471,-1100
Akram,1-2-2026,right,جامعة,good,1767343799932,10928,10864,7208,324,860,-507
Akram,1-2-2026,right,جامعة,good,1767343799981,10316,11032,7100,216,1753,-712
Akram,1-2-2026,right,جامعة,good,1767343800032,10152,11580,7072,310,554,-3
Akram,1-2-2026,right,جامعة,good,1767343800082,9796,11852,6596,1249,2048,458
Akram,1-2-2026,right,جامعة,good,1767343800132,8732,11328,8280,642,-558,295
Akram,1-2-2026,right,جامعة,good,1767343800183,9436,11480,7236,-555,-1539,497
Akram,1-2-2026,right,جامعة,good,1767343800232,9168,12252,7572,-324,-248,388
Akram,1-2-2026,right,جامعة,good,1767343800282,10224,11468,6904,16,-116,126
Akram,1-2-2026,right,جامعة,good,1767343800334,9940,11804,6960,-491,1659,459
Akram,1-2-2026,right,جامعة,good,1767343800382,10484,10348,7268,685,1267,-8
Akram,1-2-2026,right,جامعة,good,1767343800432,9608,11368,7624,2488,345,553
Akram,1-2-2026,right,جامعة,good,1767343800482,9404,11460,8400,1024,-8,264
Akram,1-2-2026,right,جامعة,good,1767343800533,9856,12380,6996,456,-1142,-244
Akram,1-2-2026,right,جامعة,good,1767343800582,10152,12568,7420,-2622,140,1974
Akram,1-2-2026,right,جامعة,good,1767343800632,9576,7508,4364,3628,3693,-3636
Akram,1-2-2026,right,جامعة,good,1767343800682,9648,12164,7824,406,3906,-718
Akram,1-2-2026,right,جامعة,good,1767343800731,10516,11376,7296,160,2463,-484
Akram,1-2-2026,right,جامعة,good,1767343800782,9828,11656,7848,605,348,118
Akram,1-2-2026,right,جامعة,good,1767343800833,11472,11276,7680,-2560,-2629,4291
Akram,1-2-2026,right,جامعة,good,1767343800882,7868,9244,5944,-6,-255,-581
Akram,1-2-2026,right,جامعة,good,1767343800933,7548,14016,7664,-2950,-65,214
Akram,1-2-2026,right,جامعة,good,1767343800983,9536,11928,7464,-21,808,573
Akram,1-2-2026,right,جامعة,good,1767343801032,10908,11016,8288,864,1126,-776
Akram,1-2-2026,right,جامعة,good,1767343801081,10076,11640,8428,1848,11,431
Akram,1-2-2026,right,جامعة,good,1767343801131,9792,11700,6888,2003,900,1681
Akram,1-2-2026,right,جامعة,good,1767343801181,8396,12464,8956,214,-1604,-1006
Akram,1-2-2026,right,جامعة,good,1767343801234,10832,11604,6468,-759,-377,1659
Akram,1-2-2026,right,جامعة,good,1767343801281,8504,8748,5832,2793,2323,-3076
Akram,1-2-2026,right,جامعة,good,1767343801332,9316,11680,8572,615,2162,-585
Akram,1-2-2026,right,جامعة,good,1767343801381,10392,11892,6956,-635,2020,-1356
Akram,1-2-2026,right,جامعة,good,1767343801434,10136,11492,8028,-148,-632,-174
Akram,1-2-2026,right,جامعة,good,1767343801482,10388,9924,7016,-1527,-4596,4649
Akram,1-2-2026,right,جامعة,good,1767343801536,6764,10144,5476,484,186,-1106
Akram,1-2-2026,right,جامعة,good,1767343801582,11636,12504,6832,402,601,216
Akram,1-2-2026,right,جامعة,good,1767343801632,10572,10140,8616,939,1155,-321
Akram,1-2-2026,right,جامعة,good,1767343801682,9584,12848,6288,2427,3348,-1387
Akram,1-2-2026,right,جامعة,good,1767343801724,10992,11012,5700,1313,2739,-254
Akram,1-2-2026,right,جامعة,good,1767343801774,10648,10900,6328,1371,151,911
Akram,1-2-2026,right,جامعة,good,1767343801832,10032,10496,9064,1187,-3064,849
Akram,1-2-2026,right,جامعة,good,1767343801874,9920,11672,7644,-1872,2474,-904
Akram,1-2-2026,right,جامعة,good,1767343801924,10840,10848,5984,-2847,469,2230
Akram,1-2-2026,right,جامعة,good,1767343801975,9488,9200,5816,644,-659,-2038
Akram,1-2-2026,right,جامعة,good,1767343802024,8152,12280,8712,-1341,-424,-2076
Akram,1-2-2026,right,جامعة,good,1767343802083,9464,11888,7224,-345,-279,-1238
Akram,1-2-2026,right,جامعة,good,1767343802124,10944,10748,5796,185,870,-1764
Akram,1-2-2026,right,جامعة,good,1767343802174,9684,11568,7776,18,1066,-893
Akram,1-2-2026,right,جامعة,good,1767343802225,10328,11928,7456,599,-993,374
Akram,1-2-2026,right,جامعة,good,1767343802274,9776,11488,8076,-595,-1270,18
Akram,1-2-2026,right,جامعة,good,1767343802332,7096,12684,7452,-2375,-871,-271
Akram,1-2-2026,right,جامعة,good,1767343802375,10632,11020,6452,1097,2691,-532
Akram,1-2-2026,right,جامعة,good,1767343802424,8804,12428,4064,2609,1601,-990
Akram,1-2-2026,right,جامعة,good,1767343802474,11028,10740,6824,4168,472,674
Akram,1-2-2026,right,جامعة,good,1767343802525,8928,11328,7332,1295,1162,1058
Akram,1-2-2026,right,جامعة,good,1767343802575,10512,11232,7956,-241,-1781,447
Akram,1-2-2026,right,جامعة,good,1767343802624,9644,11880,6532,-5490,-1885,3299
Akram,1-2-2026,right,جامعة,good,1767343802682,10000,10152,6068,-1215,-1243,385
Akram,1-2-2026,right,جامعة,good,1767343802732,8304,10692,6968,-823,105,-2148
Akram,1-2-2026,right,جامعة,good,1767343802782,11168,13032,5784,-166,2218,139
Akram,1-2-2026,right,جامعة,good,1767343802832,9500,12104,7748,585,3517,-559
Akram,1-2-2026,right,جامعة,good,1767343802882,9220,10964,7436,1768,1253,-1854
Akram,1-2-2026,right,جامعة,good,1767343802931,10780,10632,7744,2186,-254,-197
Akram,1-2-2026,right,جامعة,good,1767343802982,11236,11452,10408,-1807,-742,2700
Akram,1-2-2026,right,جامعة,good,1767343803033,9308,9316,5920,-2477,-3095,2819
Akram,1-2-2026,right,جامعة,good,1767343803081,8884,16144,9376,-4238,2900,1827
Akram,1-2-2026,right,جامعة,good,1767343803132,8740,11732,7728,492,118,702
Akram,1-2-2026,right,جامعة,good,1767343803183,9608,10724,7384,1799,1233,-903
Akram,1-2-2026,right,جامعة,good,1767343803232,12336,10492,8120,1500,931,-1421
Akram,1-2-2026,right,جامعة,good,1767343803285,10572,11012,6944,287,1780,-107
Akram,1-2-2026,right,جامعة,good,1767343803332,7696,11964,9596,217,-1004,874
Akram,1-2-2026,right,جامعة,good,1767343803391,9848,11800,8896,-701,-1778,1653
Akram,1-2-2026,right,جامعة,good,1767343803432,8664,12792,7060,-848,750,-140
Akram,1-2-2026,right,جامعة,good,1767343803491,8900,12340,7452,203,544,165
Akram,1-2-2026,right,جامعة,good,1767343803532,11348,11032,7220,463,1492,-1274
Akram,1-2-2026,right,جامعة,good,1767343803590,9936,11760,5056,2011,348,-773
Akram,1-2-2026,right,جامعة,good,1767343803631,9308,11112,7756,1755,84,811
Akram,1-2-2026,right,جامعة,good,1767343803691,9796,12144,7800,527,-966,276
Akram,1-2-2026,right,جامعة,good,1767343803731,10268,11428,7408,-1757,-1282,1903
Akram,1-2-2026,right,جامعة,good,1767343803784,8504,10212,6892,1219,107,-1221
Akram,1-2-2026,right,جامعة,good,1767343803831,10920,11452,6936,-828,892,392
Akram,1-2-2026,right,جامعة,good,1767343803883,9288,12848,6920,91,137,649
Akram,1-2-2026,right,جامعة,good,1767343803931,9240,11592,9020,-87,-2883,101
Akram,1-2-2026,right,جامعة,good,1767343803982,11856,11200,6676,-492,1887,-874
Akram,1-2-2026,right,جامعة,good,1767343804032,10852,10180,6432,1219,915,-783
Akram,1-2-2026,right,جامعة,good,1767343804165,10704,10348,9080,2375,838,738
Akram,1-2-2026,right,جامعة,good,1767343804176,10400,10748,6868,1583,692,1445
Akram,1-2-2026,right,جامعة,good,1767343804177,9532,11588,9692,-2687,-722,343
Akram,1-2-2026,right,جامعة,good,1767343804232,10076,10200,5564,-1508,210,1081
Akram,1-2-2026,right,جامعة,good,1767343804281,15900,12844,10924,-1936,1886,1598
Akram,1-2-2026,right,جامعة,good,1767343804332,9992,11480,7580,-216,1526,428
Akram,1-2-2026,right,جامعة,good,1767343804382,9588,12704,7148,-489,713,-1429
Akram,1-2-2026,right,جامعة,good,1767343804431,10668,10724,8328,31,621,-908
Akram,1-2-2026,right,جامعة,good,1767343804483,10528,11380,6196,-291,-146,955
Akram,1-2-2026,right,جامعة,good,1767343804532,10240,12876,6440,2289,-1876,1531
Akram,1-2-2026,right,جامعة,good,1767343804582,10008,8468,6096,4264,2485,993
Akram,1-2-2026,right,جامعة,good,1767343804624,16120,12624,12432,-1771,1037,470
Akram,1-2-2026,right,جامعة,good,1767343804684,10376,11132,6760,148,-466,897
Akram,1-2-2026,right,جامعة,good,1767343804731,11456,10556,6988,-812,1915,778
Akram,1-2-2026,right,جامعة,good,1767343804782,9480,11836,6348,927,-360,936
Akram,1-2-2026,right,جامعة,good,1767343804832,8236,12236,6932,2607,-875,55
Akram,1-2-2026,right,جامعة,good,1767343804882,10456,11496,8140,1028,-2869,-1880
Akram,1-2-2026,right,جامعة,good,1767343804932,12404,10648,8048,-2063,1092,-1341
Akram,1-2-2026,right,جامعة,good,1767343804982,13008,12008,8772,-2894,312,3849
Akram,1-2-2026,right,جامعة,good,1767343805031,8636,8816,5520,333,35,1882
Akram,1-2-2026,right,جامعة,good,1767343805083,9336,10540,8744,808,-1257,-1457
Akram,1-2-2026,right,جامعة,good,1767343805132,9812,11504,7384,717,-227,36
Akram,1-2-2026,right,جامعة,good,1767343805182,10904,10508,7716,-1019,123,-680
Akram,1-2-2026,right,جامعة,good,1767343805231,9944,11208,9028,-1290,1254,-1169
Akram,1-2-2026,right,جامعة,good,1767343805282,10460,11616,7164,-7,582,408
Akram,1-2-2026,right,جامعة,good,1767343805332,11148,12016,7636,962,167,1177
Akram,1-2-2026,right,جامعة,good,1767343805383,10368,9540,5584,3673,-65,2752
Akram,1-2-2026,right,جامعة,good,1767343805431,6320,8788,8236,2823,199,-5159
Akram,1-2-2026,right,جامعة,good,1767343805481,11444,11948,7220,1180,-615,68
Akram,1-2-2026,right,جامعة,good,1767343805532,9844,11684,6620,-1303,505,-51
Akram,1-2-2026,right,جامعة,good,1767343805582,9660,11468,6856,-1627,280,141
Akram,1-2-2026,right,جامعة,good,1767343805632,11784,11036,6044,-73,2398,35
Akram,1-2-2026,right,جامعة,good,1767343805682,10816,10520,8500,1042,293,-127
Akram,1-2-2026,right,جامعة,good,1767343805733,9596,12764,7640,3082,1247,807
Akram,1-2-2026,right,جامعة,good,1767343805782,9612,11988,7720,440,-1387,146
Akram,1-2-2026,right,جامعة,good,1767343805832,10668,10880,7800,-833,105,335
Akram,1-2-2026,right,جامعة,good,1767343805882,11732,11372,8044,-4585,280,2343
Akram,1-2-2026,right,جامعة,good,1767343805932,9808,7948,3512,1192,595,-1031
Akram,1-2-2026,right,جامعة,good,1767343805982,9764,12172,7824,-711,-720,587
Akram,1-2-2026,right,جامعة,good,1767343806087,10784,11684,7008,-290,586,87
Akram,1-2-2026,right,جامعة,good,1767343806127,10536,11616,7468,1218,-2257,-1925
Akram,1-2-2026,right,جامعة,good,1767343806132,9212,7856,4908,2686,-396,-48
Akram,1-2-2026,right,جامعة,good,1767343806184,9084,11708,7792,972,715,32
Akram,1-2-2026,right,جامعة,good,1767343806232,10096,11108,7056,585,-482,276
Akram,1-2-2026,right,جامعة,good,1767343806315,10800,11168,6300,-479,1781,-332
Akram,1-2-2026,right,جامعة,good,1767343806332,10752,10740,6584,55,1544,-821
Akram,1-2-2026,right,جامعة,good,1767343806381,11028,9696,6828,2080,537,454
Akram,1-2-2026,right,جامعة,good,1767343806431,8708,11120,8492,697,973,927
Akram,1-2-2026,right,جامعة,good,1767343806482,10364,11024,7452,-1796,71,1389
Akram,1-2-2026,right,جامعة,good,1767343806531,8772,10976,8532,-3637,2620,522
Akram,1-2-2026,right,جامعة,good,1767343806680,8412,14080,2696,-184,-3413,-3158
Akram,1-2-2026,right,جامعة,good,1767343806697,12252,10976,7336,2091,243,2723
Akram,1-2-2026,right,جامعة,good,1767343806697,8400,9736,5660,2194,1357,-862
Akram,1-2-2026,right,جامعة,good,1767343806732,10000,11464,8524,3095,2489,-2492
Akram,1-2-2026,right,جامعة,good,1767343806806,10592,11008,7560,223,-1228,-117
Akram,1-2-2026,right,جامعة,good,1767343806832,9824,11856,6564,-1021,1251,-285
Akram,1-2-2026,right,جامعة,good,1767343806883,11020,10132,6912,-1192,-1532,-1004
Akram,1-2-2026,right,جامعة,good,1767343806924,10720,11468,7624,-1050,914,-640
Akram,1-2-2026,right,جامعة,good,1767343806974,9528,12128,7488,-1276,-345,-496
Akram,1-2-2026,right,جامعة,good,1767343807024,11368,11616,6968,-1045,-621,1811
Akram,1-2-2026,right,جامعة,good,1767343807075,10400,8952,5488,68,-631,892
Akram,1-2-2026,right,جامعة,good,1767343807125,8724,12420,9204,-1143,-412,-679
Akram,1-2-2026,right,جامعة,good,1767343807175,9448,11604,6836,-900,-2774,-520
Akram,1-2-2026,right,جامعة,good,1767343807225,11608,10476,6020,-1024,-411,41
Akram,1-2-2026,right,جامعة,good,1767343807275,9932,10204,5720,186,1364,-547
Akram,1-2-2026,right,جامعة,good,1767343807329,10160,11628,7340,-1649,1114,-16
Akram,1-2-2026,right,جامعة,good,1767343807382,10380,11944,7180,-691,883,397
Akram,1-2-2026,right,جامعة,good,1767343807432,9544,12812,4348,1456,665,-1255
Akram,1-2-2026,right,جامعة,good,1767343807482,11000,9096,5956,2559,1413,-1152
Akram,1-2-2026,right,جامعة,good,1767343807532,11260,10976,7464,1529,-118,722
Akram,1-2-2026,right,جامعة,good,1767343807583,10408,8396,6588,-1128,-1523,2561
Akram,1-2-2026,right,جامعة,good,1767343807632,7428,10688,6328,97,1313,-1604
Akram,1-2-2026,right,جامعة,good,1767343807682,9692,11592,7688,173,1350,140
Akram,1-2-2026,right,جامعة,good,1767343807732,6532,12592,7672,386,-825,-557
Akram,1-2-2026,right,جامعة,good,1767343807783,11128,9848,7224,2014,718,-1471
Akram,1-2-2026,right,جامعة,good,1767343807831,11420,9960,6800,2097,-281,373
Akram,1-2-2026,right,جامعة,good,1767343807883,9948,11328,8692,16,-960,636
Akram,1-2-2026,right,جامعة,good,1767343807932,10212,11992,6348,-301,-1164,633
Akram,1-2-2026,right,جامعة,good,1767343807982,9364,11688,8348,-573,-408,-192
Akram,1-2-2026,right,جامعة,good,1767343808032,11136,11220,6428,199,1384,-631
Akram,1-2-2026,right,جامعة,good,1767343808082,10416,11060,5112,1323,-809,270
Akram,1-2-2026,right,جامعة,good,1767343808131,10208,11384,7416,316,-622,-199
Akram,1-2-2026,right,جامعة,good,1767343808182,11300,9844,9440,-1467,55,643
Akram,1-2-2026,right,جامعة,good,1767343808234,9108,12860,5328,-1152,2127,-116
Akram,1-2-2026,right,جامعة,good,1767343808282,10952,10872,6132,2513,-714,-292
Akram,1-2-2026,right,جامعة,good,1767343808332,12236,9852,8272,1739,145,279
Akram,1-2-2026,right,جامعة,good,1767343808381,11092,10068,8088,-364,-358,8
Akram,1-2-2026,right,جامعة,good,1767343808432,10860,10624,6836,-471,361,962
Akram,1-2-2026,right,جامعة,good,1767343808482,9556,12016,7252,-1321,808,575
Akram,1-2-2026,right,جامعة,good,1767343808532,10360,11504,6636,1,992,234
Akram,1-2-2026,right,جامعة,good,1767343808582,8396,13028,9084,-589,-713,-1672
Akram,1-2-2026,right,جامعة,good,1767343808624,12172,10080,6096,426,1606,-192
Akram,1-2-2026,right,جامعة,good,1767343808683,10044,11448,10016,492,1669,-167
Akram,1-2-2026,right,جامعة,good,1767343808724,10368,10868,5308,2055,22,1322
Akram,1-2-2026,right,جامعة,good,1767343808774,10232,11068,8168,291,-567,-64
Akram,1-2-2026,right,جامعة,good,1767343808824,11248,10332,7272,-604,-835,1184
Akram,1-2-2026,right,جامعة,good,1767343808874,10696,11720,8216,-1695,1733,895
Akram,1-2-2026,right,جامعة,good,1767343808923,10320,11968,8592,-2449,4686,1132
Akram,1-2-2026,right,جامعة,good,1767343808974,9604,12536,6368,-137,952,840
Akram,1-2-2026,right,جامعة,good,1767343809024,9756,12432,7500,2968,-5298,-3035
Akram,1-2-2026,right,جامعة,good,1767343809074,12288,10292,6976,520,-1113,2343
Akram,1-2-2026,right,جامعة,good,1767343809132,7580,8568,6228,1097,407,-2139
Akram,1-2-2026,right,جامعة,good,1767343809174,10420,12424,7100,-272,1043,-99
Akram,1-2-2026,right,جامعة,good,1767343809224,9320,12260,6852,829,354,-260
Akram,1-2-2026,right,جامعة,good,1767343809275,11008,10840,6976,401,371,-826
Akram,1-2-2026,right,جامعة,good,1767343809325,10840,11088,6972,1935,-38,413
Akram,1-2-2026,right,جامعة,good,1767343809382,11052,11768,5568,1538,1538,579
Akram,1-2-2026,right,جامعة,good,1767343809425,10528,10880,8924,-494,-1026,621
Akram,1-2-2026,right,جامعة,good,1767343809475,9000,12692,6280,-1550,-652,-564
Akram,1-2-2026,right,جامعة,good,1767343809525,10344,9844,6264,-1459,1284,2007
Akram,1-2-2026,right,جامعة,good,1767343809575,8992,8312,6196,1815,1171,-3112
Akram,1-2-2026,right,جامعة,good,1767343809625,11064,12604,7644,-608,1058,269
Akram,1-2-2026,right,جامعة,good,1767343809682,9408,12332,7308,-340,412,-368
Akram,1-2-2026,right,جامعة,good,1767343809732,10584,11916,7016,2386,-3449,-1764
Akram,1-2-2026,right,جامعة,good,1767343809782,8400,8056,6056,2785,-149,786
Akram,1-2-2026,right,جامعة,good,1767343809832,19280,13132,9932,-2472,2511,2169
Akram,1-2-2026,right,جامعة,good,1767343809882,9540,11132,7192,122,244,277
Akram,1-2-2026,right,جامعة,good,1767343809932,8980,11720,7848,175,-518,-1080
Akram,1-2-2026,right,جامعة,good,1767343809983,11628,10788,5928,-330,2039,-406
Akram,1-2-2026,right,جامعة,good,1767343810034,12652,10860,8284,2197,2230,211
Akram,1-2-2026,right,جامعة,good,1767343810081,11584,9724,5664,1305,1794,1297
Akram,1-2-2026,right,جامعة,good,1767343810132,8992,9684,9464,-1457,-49,1001
Akram,1-2-2026,right,جامعة,good,1767343810182,9552,13228,12048,-5162,4781,63
Akram,1-2-2026,right,جامعة,good,1767343810232,10080,12220,6684,2069,-1466,-676
Akram,1-2-2026,right,جامعة,good,1767343810282,11636,9752,6064,865,-2039,1013
Akram,1-2-2026,right,جامعة,good,1767343810332,9364,9164,4540,2939,-206,127
Akram,1-2-2026,right,جامعة,good,1767343810382,9412,10348,6488,2999,1431,-2966
Akram,1-2-2026,right,جامعة,good,1767343810431,10768,11952,7324,575,-694,-149
Akram,1-2-2026,right,جامعة,good,1767343810483,10116,11764,6384,-39,577,-509
Akram,1-2-2026,right,جامعة,good,1767343810532,11760,11268,5588,-1321,-1411,-738
Akram,1-2-2026,right,جامعة,good,1767343810582,10772,11384,4540,-797,793,-364
Akram,1-2-2026,right,جامعة,good,1767343810632,10684,10976,6616,49,752,-175
Akram,1-2-2026,right,جامعة,good,1767343810683,10732,11436,7484,-282,1894,685
Akram,1-2-2026,right,جامعة,good,1767343810731,13220,11340,6772,-2380,888,6271
Akram,1-2-2026,right,جامعة,good,1767343810781,6596,8268,4044,275,1251,2727
Akram,1-2-2026,right,جامعة,good,1767343810831,9688,11676,7356,424,994,-2154
Akram,1-2-2026,right,جامعة,good,1767343810882,11028,12240,7352,-1414,1092,590
Akram,1-2-2026,right,جامعة,good,1767343810935,11448,10868,7844,-1065,950,263
Akram,1-2-2026,right,جامعة,good,1767343810983,10552,11696,7192,-498,795,674
Akram,1-2-2026,right,جامعة,good,1767343811032,11404,10720,7288,698,-309,-304
Akram,1-2-2026,right,جامعة,good,1767343811082,14420,12864,10536,-1336,-234,4315
Akram,1-2-2026,right,جامعة,good,1767343811132,8620,7996,4960,-176,-3336,2526
Akram,1-2-2026,right,جامعة,good,1767343811182,12848,10616,5384,102,-249,356
Akram,1-2-2026,right,جامعة,good,1767343811232,10064,10160,7456,425,-1291,520
Akram,1-2-2026,right,جامعة,good,1767343811282,11612,10596,6388,-410,-305,-22
Akram,1-2-2026,right,جامعة,good,1767343811332,11432,10020,6280,350,-185,-305
Akram,1-2-2026,right,جامعة,good,1767343811382,11548,10756,6484,-62,-339,118
Akram,1-2-2026,right,جامعة,good,1767343811433,11232,10460,6724,226,-619,505
Akram,1-2-2026,right,جامعة,good,1767343811482,11176,9940,5880,109,264,41
Akram,1-2-2026,right,جامعة,good,1767343811532,10992,10128,6364,-15,70,39
Akram,1-2-2026,right,جامعة,good,1767343811574,11912,10604,6544,-150,290,318
Akram,1-2-2026,right,جامعة,good,1767343811625,10844,10088,6220,-260,-56,117
